[
  {
    "Category": "点卡",
    "Price": 50
  },
  {
    "Category": "广目",
    "Price": 1600
  },
  {
    "Category": "持国",
    "Price": 960
  },
  {
    "Category": "多闻",
    "Price": 960
  },
  {
    "Category": "龙龟",
    "Price": 960
  },
  {
    "Category": "天女",
    "Price": 100
  },
  {
    "Category": "变异",
    "Price": 180
  },
  {
    "Category": "80环【武】",
    "Price": 62
  },
  {
    "Category": "80环【装】",
    "Price": 50
  },
  {
    "Category": "70环【武】",
    "Price": 12.5
  },
  {
    "Category": "70环【装】",
    "Price": 9.5
  },
  {
    "Category": "60环【武】",
    "Price": 23
  },
  {
    "Category": "60环【装】",
    "Price": 20
  }
]