[
  {
    "Category": "点卡",
    "Price": 50.0,
    "Quantity": 2,
    "Time": "2025-03-14T17:24:39.8723889+08:00",
    "ItemProfit": -100.0
  },
  {
    "Category": "点卡",
    "Price": 50.0,
    "Quantity": 1,
    "Time": "2025-03-14T17:24:36.8579466+08:00",
    "ItemProfit": -50.0
  },
  {
    "Category": "点卡",
    "Price": 50.0,
    "Quantity": 1,
    "Time": "2025-03-14T17:24:35.8834409+08:00",
    "ItemProfit": -50.0
  },
  {
    "Category": "点卡",
    "Price": 50.0,
    "Quantity": 1,
    "Time": "2025-03-14T17:24:01.1570016+08:00",
    "ItemProfit": -50.0
  },
  {
    "Category": "点卡",
    "Price": 50.0,
    "Quantity": 1,
    "Time": "2025-03-14T17:23:58.044312+08:00",
    "ItemProfit": -50.0
  }
]